{"cameraMode":{"drawMode":0,"name":"Shaded","section":"Shading Mode"},"sceneLighting":true,"audioPlay":false,"sceneViewState":{"showFog":true,"showMaterialUpdate":false,"showSkybox":true,"showFlares":true,"showImageEffects":true,"showParticleSystems":true},"in2DMode":false,"pivot":{"x":0.459625244140625,"y":-6.8846282958984379,"z":-62.30467224121094},"rotation":{"x":0.1403062641620636,"y":0.7383849024772644,"z":-0.16203103959560395,"w":0.6394309997558594},"size":93.0826644897461,"orthographic":false}