{"cameraMode":{"drawMode":0,"name":"Shaded","section":"Shading Mode"},"sceneLighting":true,"audioPlay":false,"sceneViewState":{"showFog":true,"showMaterialUpdate":false,"showSkybox":true,"showFlares":true,"showImageEffects":true,"showParticleSystems":true},"in2DMode":false,"pivot":{"x":3.978128433227539,"y":-3.4299163818359377,"z":4.996482849121094},"rotation":{"x":0.013498790562152863,"y":0.016497690230607988,"z":-0.00021914725948590785,"w":0.9997762441635132},"size":77.37073516845703,"orthographic":false}