{"cameraMode":{"drawMode":0,"name":"Shaded","section":"Shading Mode"},"sceneLighting":true,"audioPlay":false,"sceneViewState":{"showFog":true,"showMaterialUpdate":false,"showSkybox":true,"showFlares":true,"showImageEffects":true,"showParticleSystems":true},"in2DMode":false,"pivot":{"x":0.6499998569488525,"y":0.20478826761245728,"z":-1.4730976819992066},"rotation":{"x":0.013498790562152863,"y":0.016497690230607988,"z":-0.00021914725948590785,"w":0.9997762441635132},"size":13.721707344055176,"orthographic":false}