{"cameraMode":{"drawMode":0,"name":"Shaded","section":"Shading Mode"},"sceneLighting":true,"audioPlay":false,"sceneViewState":{"showFog":true,"showMaterialUpdate":false,"showSkybox":true,"showFlares":true,"showImageEffects":true,"showParticleSystems":true},"in2DMode":false,"pivot":{"x":-24.69993782043457,"y":10.867207527160645,"z":-2.657357931137085},"rotation":{"x":0.051593832671642306,"y":0.42344188690185549,"z":-0.024159664288163186,"w":0.9041340947151184},"size":70.6448974609375,"orthographic":false}