{"cameraMode":{"drawMode":0,"name":"Shaded","section":"Shading Mode"},"sceneLighting":true,"audioPlay":false,"sceneViewState":{"showFog":true,"showMaterialUpdate":false,"showSkybox":true,"showFlares":true,"showImageEffects":true,"showParticleSystems":true},"in2DMode":false,"pivot":{"x":23.049999237060548,"y":14.640000343322754,"z":-2.0},"rotation":{"x":0.014998586848378182,"y":-0.014997310005128384,"z":0.00022531810100190341,"w":0.9997790455818176},"size":23.05514907836914,"orthographic":false}